AAIT,0
AAL,0
AAME,0
AAOI,0
AAON,0
AAPL,0
AAVL,0
AAWW,0
AAXJ,0
ABAC,0
ABAX,0
ABCB,0
ABCD,0
ABCO,0
ABCW,0
ABDC,0
ABGB,0
ABIO,0
ABMD,0
ABTL,0
ABY,0
ACAD,0
ACAS,0
ACAT,0
ACET,0
ACFC,0
ACFN,0
ACGL,0
ACHC,0
ACHN,0
ACIW,0
ACLS,0
ACNB,0
ACOR,0
ACPW,0
ACRX,0
ACSF,0
ACST,0
ACTA,0
ACTG,0
ACTS,0
ACUR,0
ACWI,0
ACWX,0
ACXM,0
ADAT,0
ADBE,0
ADEP,0
ADES,0
ADHD,0
ADI,0
ADMA,0
ADMP,0
ADMS,0
ADNC,0
ADP,0
ADRA,0
ADRD,0
ADRE,0
ADRU,0
ADSK,0
ADTN,0
ADUS,0
ADVS,0
ADXS,0
ADXSW,0
AEGN,0
AEGR,0
AEHR,0
AEIS,0
AEPI,0
AERI,0
AETI,0
AEY,0
AEZS,0
AFAM,0
AFCB,0
AFFX,0
AFH,0
AFMD,0
AFOP,0
AFSI,0
AGEN,0
AGII,0
AGIIL,0
AGIO,0
AGNC,0
AGNCB,0
AGNCP,0
AGND,0
AGRX,0
AGTC,0
AGYS,0
AGZD,0
AHGP,0
AHPI,0
AIMC,0
AINV,0
AIQ,0
AIRM,0
AIRR,0
AIRT,0
AIXG,0
AKAM,0
AKAO,0
AKBA,0
AKER,0
AKRX,0
ALCO,0
ALDR,0
ALDX,0
ALGN,0
ALGT,0
ALIM,0
ALKS,0
ALLB,0
ALLT,0
ALNY,0
ALOG,0
ALOT,0
ALQA,0
ALSK,0
ALTR,0
ALXA,0
ALXN,0
AMAG,0
AMAT,0
AMBA,0
AMBC,0
AMBCW,0
AMCC,0
AMCF,0
AMCN,0
AMCX,0
AMD,0
AMDA,0
AMED,0
AMGN,0
AMIC,0
AMKR,0
AMNB,0
AMOT,0
AMOV,0
AMPH,0
AMRB,0
AMRI,0
AMRK,0
AMRN,0
AMRS,0
AMSC,0
AMSF,0
AMSG,0
AMSGP,0
AMSWA,0
AMTX,0
AMWD,0
AMZN,0
ANAC,0
ANAD,0
ANAT,0
ANCB,0
ANCI,0
ANCX,0
ANDE,0
ANGI,0
ANGO,0
ANIK,0
ANIP,0
ANSS,0
ANTH,0
ANY,0
AOSL,0
APAGF,0
APDN,0
APDNW,0
APEI,0
APOG,0
APOL,0
APPY,0
APRI,0
APSA,0
APTO,0
APWC,0
AQXP,0
ARAY,0
ARCB,0
ARCC,0
ARCI,0
ARCP,0
ARCPP,0
ARCW,0
ARDM,0
ARDX,0
AREX,0
ARGS,0
ARIA,0
ARII,0
ARIS,0
ARKR,0
ARLP,0
ARMH,0
ARNA,0
AROW,0
ARQL,0
ARRS,0
ARRY,0
ARTNA,0
ARTW,0
ARTX,0
ARUN,0
ARWR,0
ASBB,0
ASBI,0
ASCMA,0
ASEI,0
ASFI,0
ASMB,0
ASMI,0
ASML,0
ASNA,0
ASPS,0
ASPX,0
ASRV,0
ASRVP,0
ASTC,0
ASTE,0
ASTI,0
ASUR,0
ASYS,0
ATAI,0
ATAX,0
ATEA,0
ATEC,0
ATHN,0
ATHX,0
ATLC,0
ATLO,0
ATML,0
ATNI,0
ATNY,0
ATOS,0
ATRA,0
ATRC,0
ATRI,0
ATRM,0
ATRO,0
ATRS,0
ATSG,0
ATTU,0
ATVI,0
AUBN,0
AUDC,0
AUMA,0
AUMAU,0
AUMAW,0
AUPH,0
AUXL,0
AVAV,0
AVEO,0
AVGO,0
AVHI,0
AVID,0
AVNR,0
AVNW,0
AWAY,0
AWRE,0
AXAS,0
AXDX,0
AXGN,0
AXJS,0
AXPW,0
AXPWW,0
AXTI,0
AZPN,0
BABY,0
BAGR,0
BAMM,0
BANF,0
BANFP,0
BANR,0
BANX,0
BASI,0
BBBY,0
BBC,0
BBCN,0
BBEP,0
BBEPP,0
BBGI,0
BBLU,0
BBNK,0
BBOX,0
BBP,0
BBRG,0
BBRY,0
BBSI,0
BCBP,0
BCLI,0
BCOM,0
BCOR,0
BCOV,0
BCPC,0
BCRX,0
BDBD,0
BDCV,0
BDE,0
BDGE,0
BDMS,0
BDSI,0
BEAT,0
BEAV,0
BEBE,0
BECN,0
BELFA,0
BELFB,0
BFIN,0
BGCP,0
BGFV,0
BGMD,0
BHBK,0
BIB,0
BICK,0
BIDU,0
BIIB,0
BIND,0
BIOC,0
BIOD,0
BIOL,0
BIOS,0
BIRT,0
BIS,0
BJRI,0
BKCC,0
BKEP,0
BKEPP,0
BKMU,0
BKSC,0
BKYF,0
BLCM,0
BLDP,0
BLDR,0
BLFS,0
BLIN,0
BLKB,0
BLMN,0
BLMT,0
BLRX,0
BLUE,0
BLVD,0
BLVDU,0
BLVDW,0
BMRC,0
BMRN,0
BMTC,0
BNCL,0
BNCN,0
BNDX,0
BNFT,0
BNSO,0
BOBE,0
BOCH,0
BOFI,0
BOKF,0
BONA,0
BONT,0
BOOM,0
BOSC,0
BOTA,0
BOTJ,0
BPFH,0
BPFHP,0
BPFHW,0
BPOP,0
BPOPM,0
BPOPN,0
BPTH,0
BRCD,0
BRCM,0
BRDR,0
BREW,0
BRID,0
BRKL,0
BRKR,0
BRKS,0
BRLI,0
BSDM,0
BSET,0
BSF,0
BSFT,0
BSPM,0
BSQR,0
BSRR,0
BSTC,0
BTUI,0
BUR,0
BUSE,0
BV,0
BVA,0
BVSN,0
BWEN,0
BWFG,0
BWINA,0
BWINB,0
BWLD,0
BYBK,0
BYFC,0
BYLK,0
CA,0
CAAS,0
CAC,0
CACB,0
CACC,0
CACG,0
CACGU,0
CACGW,0
CACH,0
CACQ,0
CADC,0
CADT,0
CADTR,0
CADTU,0
CADTW,0
CAKE,0
CALA,0
CALD,0
CALI,0
CALL,0
CALM,0
CAMB,0
CAMBU,0
CAMBW,0
CAMP,0
CAMT,0
CAPN,0
CAPNW,0
CAR,0
CARA,0
CARB,0
CARO,0
CART,0
CARV,0
CARZ,0
CASH,0
CASI,0
CASM,0
CASS,0
CASY,0
CATM,0
CATY,0
CATYW,0
CAVM,0
CBAK,0
CBAN,0
CBAY,0
CBDE,0
CBF,0
CBFV,0
CBIN,0
CBLI,0
CBMG,0
CBMX,0
CBNJ,0
CBNK,0
CBOE,0
CBPO,0
CBRL,0
CBRX,0
CBSH,0
CBSHP,0
CBST,0
CBSTZ,0
CCBG,0
CCCL,0
CCCR,0
CCIH,0
CCLP,0
CCMP,0
CCNE,0
CCOI,0
CCRN,0
CCUR,0
CCXI,0
CDC,0
CDK,0
CDNA,0
CDNS,0
CDTI,0
CDW,0
CDXS,0
CDZI,0
CECE,0
CECO,0
CELG,0
CELGZ,0
CEMI,0
CEMP,0
CENT,0
CENTA,0
CENX,0
CERE,0
CERN,0
CERS,0
CERU,0
CETV,0
CEVA,0
CFA,0
CFBK,0
CFFI,0
CFFN,0
CFGE,0
CFNB,0
CFNL,0
CFO,0
CFRX,0
CFRXW,0
CFRXZ,0
CG,0
CGEN,0
CGIX,0
CGNX,0
CGO,0
CHCI,0
CHCO,0
CHDN,0
CHEF,0
CHEV,0
CHFC,0
CHFN,0
CHI,0
CHKE,0
CHKP,0
CHLN,0
CHMG,0
CHNR,0
CHOP,0
CHRS,0
CHRW,0
CHSCM,0
CHSCN,0
CHSCO,0
CHSCP,0
CHTR,0
CHUY,0
CHW,0
CHXF,0
CHY,0
CHYR,0
CIDM,0
CIFC,0
CIMT,0
CINF,0
CISAW,0
CISG,0
CIZ,0
CIZN,0
CJJD,0
CKEC,0
CKSW,0
CLAC,0
CLACU,0
CLACW,0
CLBH,0
CLCT,0
CLDN,0
CLDX,0
CLFD,0
CLIR,0
CLMS,0
CLMT,0
CLNE,0
CLNT,0
CLRB,0
CLRBW,0
CLRO,0
CLRX,0
CLSN,0
CLTX,0
CLUB,0
CLVS,0
CLWT,0
CMCO,0
CMCSA,0
CMCSK,0
CMCT,0
CME,0
CMFN,0
CMGE,0
CMLS,0
CMPR,0
CMRX,0
CMSB,0
CMTL,0
CNAT,0
CNBKA,0
CNCE,0
CNDO,0
CNET,0
CNIT,0
CNLM,0
CNLMR,0
CNLMU,0
CNLMW,0
CNMD,0
CNOB,0
CNSI,0
CNSL,0
CNTF,0
CNTY,0
CNV,0
CNXR,0
CNYD,0
COB,0
COBK,0
COBZ,0
COCO,0
COHR,0
COHU,0
COKE,0
COLB,0
COLM,0
COMM,0
COMT,0
CONE,0
CONN,0
COOL,0
CORE,0
CORI,0
CORT,0
COSI,0
COST,0
COVS,0
COWN,0
COWNL,0
CPAH,0
CPGI,0
CPHC,0
CPHD,0
CPHR,0
CPIX,0
CPLA,0
CPLP,0
CPRT,0
CPRX,0
CPSI,0
CPSS,0
CPST,0
CPTA,0
CPXX,0
CRAI,0
CRAY,0
CRDC,0
CRDS,0
CRDT,0
CREE,0
CREG,0
CRESW,0
CRESY,0
CRIS,0
CRME,0
CRMT,0
CRNT,0
CROX,0
CRRC,0
CRRS,0
CRTN,0
CRTO,0
CRUS,0
CRVL,0
CRWN,0
CRWS,0
CRZO,0
CSBK,0
CSCD,0
CSCO,0
CSF,0
CSFL,0
CSGP,0
CSGS,0
CSII,0
CSIQ,0
CSOD,0
CSPI,0
CSQ,0
CSRE,0
CSTE,0
CSUN,0
CSWC,0
CTAS,0
CTBI,0
CTCM,0
CTCT,0
CTG,0
CTHR,0
CTIB,0
CTIC,0
CTRE,0
CTRL,0
CTRN,0
CTRP,0
CTRX,0
CTSH,0
CTSO,0
CTWS,0
CTXS,0
CU,0
CUBA,0
CUI,0
CUNB,0
CUTR,0
CVBF,0
CVCO,0
CVCY,0
CVGI,0
CVGW,0
CVLT,0
CVLY,0
CVTI,0
CVV,0
CWAY,0
CWBC,0
CWCO,0
CWST,0
CXDC,0
CY,0
CYAN,0
CYBE,0
CYBR,0
CYBX,0
CYCC,0
CYCCP,0
CYHHZ,0
CYNO,0
CYOU,0
CYRN,0
CYTK,0
CYTR,0
CYTX,0
CZFC,0
CZNC,0
CZR,0
CZWI,0
DAEG,0
DAIO,0
DAKT,0
DARA,0
DATE,0
DAVE,0
DAX,0
DBVT,0
DCIX,0
DCOM,0
DCTH,0
DENN,0
DEPO,0
DERM,0
DEST,0
DFRG,0
DFVL,0
DFVS,0
DGAS,0
DGICA,0
DGICB,0
DGII,0
DGLD,0
DGLY,0
DGRE,0
DGRS,0
DGRW,0
DHIL,0
DHRM,0
DIOD,0
DISCA,0
DISCB,0
DISCK,0
DISH,0
DJCO,0
DLBL,0
DLBS,0
DLHC,0
DLTR,0
DMLP,0
DMND,0
DMRC,0
DNBF,0
DNKN,0
DORM,0
DOVR,0
DOX,0
DPRX,0
DRAD,0
DRAM,0
DRIV,0
DRNA,0
DRRX,0
DRWI,0
DRWIW,0
DRYS,0
DSCI,0
DSCO,0
DSGX,0
DSKX,0
DSKY,0
DSLV,0
DSPG,0
DSWL,0
DTLK,0
DTSI,0
DTUL,0
DTUS,0
DTV,0
DTYL,0
DTYS,0
DVAX,0
DVCR,0
DWA,0
DWAT,0
DWCH,0
DWSN,0
DXCM,0
DXGE,0
DXJS,0
DXKW,0
DXLG,0
DXM,0
DXPE,0
DXPS,0
DXYN,0
DYAX,0
DYNT,0
DYSL,0
EA,0
EAC,0
EARS,0
EBAY,0
EBIO,0
EBIX,0
EBMT,0
EBSB,0
EBTC,0
ECHO,0
ECOL,0
ECPG,0
ECTE,0
ECYT,0
EDAP,0
EDGW,0
EDS,0
EDUC,0
EEFT,0
EEI,0
EEMA,0
EEME,0
EEML,0
EFII,0
EFOI,0
EFSC,0
EFUT,0
EGAN,0
EGBN,0
EGHT,0
EGLE,0
EGLT,0
EGOV,0
EGRW,0
EGRX,0
EGT,0
EHTH,0
EIGI,0
ELGX,0
ELNK,0
ELON,0
ELOS,0
ELRC,0
ELSE,0
ELTK,0
EMCB,0
EMCF,0
EMCG,0
EMCI,0
EMDI,0
EMEY,0
EMIF,0
EMITF,0
EMKR,0
EML,0
EMMS,0
EMMSP,0
ENDP,0
ENFC,0
ENG,0
ENOC,0
ENPH,0
ENSG,0
ENT,0
ENTA,0
ENTG,0
ENTR,0
ENVI,0
ENZN,0
ENZY,0
EOPN,0
EPAX,0
EPAY,0
EPIQ,0
EPRS,0
EPZM,0
EQIX,0
ERI,0
ERIC,0
ERIE,0
ERII,0
EROC,0
ERS,0
ERW,0
ESBF,0
ESBK,0
ESCA,0
ESCR,0
ESCRP,0
ESEA,0
ESGR,0
ESIO,0
ESLT,0
ESMC,0
ESPR,0
ESRX,0
ESSA,0
ESSX,0
ESXB,0
ESYS,0
ETFC,0
ETRM,0
EUFN,0
EVAL,0
EVAR,0
EVBS,0
EVEP,0
EVK,0
EVLV,0
EVOK,0
EVOL,0
EVRY,0
EWBC,0
EXA,0
EXAC,0
EXAS,0
EXEL,0
EXFO,0
EXLP,0
EXLS,0
EXPD,0
EXPE,0
EXPO,0
EXTR,0
EXXI,0
EYES,0
EZCH,0
EZPW,0
FALC,0
FANG,0
FARM,0
FARO,0
FAST,0
FATE,0
FB,0
FBIZ,0
FBMS,0
FBNC,0
FBNK,0
FBRC,0
FBSS,0
FCAP,0
FCBC,0
FCCO,0
FCCY,0
FCEL,0
FCFS,0
FCHI,0
FCLF,0
FCNCA,0
FCS,0
FCSC,0
FCTY,0
FCVA,0
FCZA,0
FCZAP,0
FDEF,0
FDIV,0
FDML,0
FDUS,0
FEIC,0
FEIM,0
FELE,0
FEMB,0
FES,0
FEUZ,0
FEYE,0
FFBC,0
FFBCW,0
FFHL,0
FFIC,0
FFIN,0
FFIV,0
FFKT,0
FFNM,0
FFNW,0
FFWM,0
FGEN,0
FHCO,0
FIBK,0
FINL,0
FISH,0
FISI,0
FISV,0
FITB,0
FITBI,0
FIVE,0
FIVN,0
FIZZ,0
FLAT,0
FLDM,0
FLEX,0
FLIC,0
FLIR,0
FLL,0
FLML,0
FLWS,0
FLXN,0
FLXS,0
FMB,0
FMBH,0
FMBI,0
FMER,0
FMI,0
FMNB,0
FNBC,0
FNFG,0
FNGN,0
FNHC,0
FNJN,0
FNLC,0
FNRG,0
FNSR,0
FOLD,0
FOMX,0
FONE,0
FONR,0
FORD,0
FORM,0
FORR,0
FORTY,0
FOSL,0
FOX,0
FOXA,0
FOXF,0
FPRX,0
FPXI,0
FRAN,0
FRBA,0
FRBK,0
FRED,0
FREE,0
FRGI,0
FRME,0
FRP,0
FRPH,0
FRPHV,0
FRPT,0
FRSH,0
FSAM,0
FSBK,0
FSBW,0
FSC,0
FSCFL,0
FSFG,0
FSFR,0
FSGI,0
FSLR,0
FSNN,0
FSRV,0
FSTR,0
FSYS,0
FTCS,0
FTD,0
FTEK,0
FTGC,0
FTHI,0
FTLB,0
FTNT,0
FTR,0
FTSL,0
FTSM,0
FUEL,0
FULL,0
FULLL,0
FULT,0
FUNC,0
FUND,0
FV,0
FWM,0
FWP,0
FWRD,0
FXCB,0
FXEN,0
FXENP,0
GABC,0
GAI,0
GAIA,0
GAIN,0
GAINO,0
GAINP,0
GALE,0
GALT,0
GALTU,0
GALTW,0
GAME,0
GARS,0
GASS,0
GBCI,0
GBDC,0
GBIM,0
GBLI,0
GBNK,0
GBSN,0
GCBC,0
GCVRZ,0
GDEF,0
GENC,0
GENE,0
GEOS,0
GERN,0
GEVA,0
GEVO,0
GFED,0
GFN,0
GFNCP,0
GFNSL,0
GGAC,0
GGACR,0
GGACU,0
GGACW,0
GGAL,0
GHDX,0
GIFI,0
GIGA,0
GIGM,0
GIII,0
GILD,0
GILT,0
GK,0
GKNT,0
GLAD,0
GLADO,0
GLBS,0
GLBZ,0
GLDC,0
GLDD,0
GLDI,0
GLMD,0
GLNG,0
GLPI,0
GLRE,0
GLRI,0
GLUU,0
GLYC,0
GMAN,0
GMCR,0
GMLP,0
GNBC,0
GNCA,0
GNCMA,0
GNMA,0
GNMK,0
GNTX,0
GNVC,0
GOGO,0
GOLD,0
GOMO,0
GOOD,0
GOODN,0
GOODO,0
GOODP,0
GOOG,0
GOOGL,0
GPIC,0
GPOR,0
GPRE,0
GPRO,0
GRBK,0
GRFS,0
GRID,0
GRIF,0
GRMN,0
GROW,0
GRPN,0
GRVY,0
GSBC,0
GSIG,0
GSIT,0
GSM,0
GSOL,0
GSVC,0
GT,0
GTIM,0
GTIV,0
GTLS,0
GTWN,0
GTXI,0
GUID,0
GULF,0
GULTU,0
GURE,0
GWGH,0
GWPH,0
GYRO,0
HA,0
HABT,0
HAFC,0
HAIN,0
HALL,0
HALO,0
HART,0
HAS,0
HAWK,0
HAWKB,0
HAYN,0
HBAN,0
HBANP,0
HBCP,0
HBHC,0
HBIO,0
HBK,0
HBMD,0
HBNC,0
HBNK,0
HBOS,0
HBP,0
HCAC,0
HCACU,0
HCACW,0
HCAP,0
HCBK,0
HCCI,0
HCKT,0
HCOM,0
HCSG,0
HCT,0
HDNG,0
HDP,0
HDRA,0
HDRAR,0
HDRAU,0
HDRAW,0
HDS,0
HDSN,0
HEAR,0
HEES,0
HELE,0
HEOP,0
HERO,0
HFBC,0
HFBL,0
HFFC,0
HFWA,0
HGSH,0
HIBB,0
HIFS,0
HIHO,0
HIIQ,0
HILL,0
HIMX,0
HKTV,0
HLIT,0
HLSS,0
HMHC,0
HMIN,0
HMNF,0
HMNY,0
HMPR,0
HMST,0
HMSY,0
HMTV,0
HNH,0
HNNA,0
HNRG,0
HNSN,0
HOFT,0
HOLI,0
HOLX,0
HOMB,0
HOTR,0
HOTRW,0
HOVNP,0
HPJ,0
HPTX,0
HQY,0
HRTX,0
HRZN,0
HSGX,0
HSIC,0
HSII,0
HSKA,0
HSNI,0
HSOL,0
HSON,0
HSTM,0
HTBI,0
HTBK,0
HTBX,0
HTCH,0
HTHT,0
HTLD,0
HTLF,0
HTWO,0
HTWR,0
HUBG,0
HURC,0
HURN,0
HWAY,0
HWBK,0
HWCC,0
HWKN,0
HYGS,0
HYLS,0
HYND,0
HYZD,0
HZNP,0
IACI,0
IART,0
IBB,0
IBCA,0
IBCP,0
IBKC,0
IBKR,0
IBOC,0
IBTX,0
ICAD,0
ICCC,0
ICEL,0
ICFI,0
ICLD,0
ICLDW,0
ICLN,0
ICLR,0
ICON,0
ICPT,0
ICUI,0
IDCC,0
IDRA,0
IDSA,0
IDSY,0
IDTI,0
IDXX,0
IEP,0
IESC,0
IEUS,0
IFAS,0
IFEU,0
IFGL,0
IFNA,0
IFON,0
IFV,0
IGLD,0
IGOV,0
IGTE,0
III,0
IIIN,0
IIJI,0
IILG,0
IIN,0
IIVI,0
IKAN,0
IKGH,0
IKNX,0
ILMN,0
IMDZ,0
IMGN,0
IMI,0
IMKTA,0
IMMR,0
IMMU,0
IMMY,0
IMNP,0
IMOS,0
IMRS,0
INAP,0
INBK,0
INCR,0
INCY,0
INDB,0
INDY,0
INFA,0
INFI,0
INFN,0
INGN,0
ININ,0
INNL,0
INO,0
INOD,0
INPH,0
INSM,0
INSY,0
INTC,0
INTG,0
INTL,0
INTLL,0
INTU,0
INTX,0
INVE,0
INVT,0
INWK,0
IOSP,0
IPAR,0
IPAS,0
IPCC,0
IPCI,0
IPCM,0
IPDN,0
IPGP,0
IPHS,0
IPKW,0
IPWR,0
IPXL,0
IQNT,0
IRBT,0
IRDM,0
IRDMB,0
IRDMZ,0
IRG,0
IRIX,0
IRMD,0
IROQ,0
IRWD,0
ISBC,0
ISCA,0
ISHG,0
ISIG,0
ISIL,0
ISIS,0
ISLE,0
ISM,0
ISNS,0
ISRG,0
ISRL,0
ISSC,0
ISSI,0
ISTR,0
ITCI,0
ITIC,0
ITRI,0
ITRN,0
IVAC,0
IVAN,0
IXYS,0
JACK,0
JACQ,0
JACQU,0
JACQW,0
JAKK,0
JASN,0
JASNW,0
JASO,0
JAXB,0
JAZZ,0
JBHT,0
JBLU,0
JBSS,0
JCOM,0
JCS,0
JCTCF,0
JD,0
JDSU,0
JGBB,0
JIVE,0
JJSF,0
JKHY,0
JMBA,0
JOBS,0
JOEZ,0
JOUT,0
JRJC,0
JRVR,0
JSM,0
JST,0
JTPY,0
JUNO,0
JVA,0
JXSB,0
JYNT,0
KALU,0
KANG,0
KBAL,0
KBIO,0
KBSF,0
KCAP,0
KCLI,0
KE,0
KELYA,0
KELYB,0
KEQU,0
KERX,0
KEYW,0
KFFB,0
KFRC,0
KFX,0
KGJI,0
KIN,0
KINS,0
KIRK,0
KITE,0
KLAC,0
KLIC,0
KLXI,0
KMDA,0
KNDI,0
KONA,0
KONE,0
KOOL,0
KOPN,0
KOSS,0
KPTI,0
KRFT,0
KRNY,0
KTCC,0
KTEC,0
KTOS,0
KTWO,0
KUTV,0
KVHI,0
KWEB,0
KYTH,0
KZ,0
LABC,0
LABL,0
LACO,0
LAKE,0
LALT,0
LAMR,0
LANC,0
LAND,0
LARK,0
LAWS,0
LAYN,0
LBAI,0
LBIX,0
LBRDA,0
LBRDK,0
LBRKR,0
LBTYA,0
LBTYB,0
LBTYK,0
LCNB,0
LCUT,0
LDRH,0
LDRI,0
LE,0
LECO,0
LEDS,0
LEVY,0
LEVYU,0
LEVYW,0
LFUS,0
LFVN,0
LGCY,0
LGCYO,0
LGCYP,0
LGIH,0
LGND,0
LHCG,0
LIME,0
LINC,0
LINE,0
LION,0
LIOX,0
LIQD,0
LIVE,0
LJPC,0
LKFN,0
LKQ,0
LLEX,0
LLNW,0
LLTC,0
LMAT,0
LMBS,0
LMCA,0
LMCB,0
LMCK,0
LMIA,0
LMNR,0
LMNS,0
LMNX,0
LMOS,0
LMRK,0
LNBB,0
LNCE,0
LNCO,0
LNDC,0
LOAN,0
LOCM,0
LOCO,0
LOGI,0
LOGM,0
LOJN,0
LONG,0
LOOK,0
LOPE,0
LORL,0
LOXO,0
LPCN,0
LPHI,0
LPLA,0
LPNT,0
LPSB,0
LPSN,0
LPTH,0
LPTN,0
LQDT,0
LRAD,0
LRCX,0
LSBK,0
LSCC,0
LSTR,0
LTBR,0
LTRE,0
LTRPA,0
LTRPB,0
LTRX,0
LTXB,0
LULU,0
LUNA,0
LVNTA,0
LVNTB,0
LWAY,0
LXRX,0
LYTS,0
MACK,0
MAG,0
MAGS,0
MAMS,0
MANH,0
MANT,0
MAR,0
MARA,0
MARK,0
MARPS,0
MASI,0
MAT,0
MATR,0
MATW,0
MAYS,0
MBCN,0
MBFI,0
MBFIP,0
MBII,0
MBLX,0
MBRG,0
MBSD,0
MBTF,0
MBUU,0
MBVT,0
MBWM,0
MCBC,0
MCBK,0
MCEP,0
MCGC,0
MCHP,0
MCHX,0
MCOX,0
MCRI,0
MCRL,0
MCUR,0
MDAS,0
MDCA,0
MDCO,0
MDIV,0
MDLZ,0
MDM,0
MDRX,0
MDSO,0
MDSY,0
MDVN,0
MDVXU,0
MDWD,0
MDXG,0
MEET,0
MEIL,0
MEILW,0
MEILZ,0
MEIP,0
MELA,0
MELI,0
MELR,0
MEMP,0
MENT,0
MEOH,0
MERC,0
MERU,0
METR,0
MFI,0
MFLX,0
MFNC,0
MFRI,0
MFRM,0
MFSF,0
MGCD,0
MGEE,0
MGI,0
MGIC,0
MGLN,0
MGNX,0
MGPI,0
MGRC,0
MGYR,0
MHGC,0
MHLD,0
MHLDO,0
MICT,0
MICTW,0
MIDD,0
MIFI,0
MIK,0
MIND,0
MINI,0
MITK,0
MITL,0
MKSI,0
MKTO,0
MKTX,0
MLAB,0
MLHR,0
MLNK,0
MLNX,0
MLVF,0
MMAC,0
MMLP,0
MMSI,0
MMYT,0
MNDL,0
MNDO,0
MNGA,0
MNKD,0
MNOV,0
MNRK,0
MNRO,0
MNST,0
MNTA,0
MNTX,0
MOBI,0
MOBL,0
MOCO,0
MOFG,0
MOKO,0
MOLG,0
MOMO,0
MORN,0
MOSY,0
MPAA,0
MPB,0
MPEL,0
MPET,0
MPWR,0
MRCC,0
MRCY,0
MRD,0
MRGE,0
MRKT,0
MRLN,0
MRNS,0
MRTN,0
MRTX,0
MRVC,0
MRVL,0
MSBF,0
MSCC,0
MSEX,0
MSFG,0
MSFT,0
MSG,0
MSLI,0
MSON,0
MSTR,0
MTBC,0
MTEX,0
MTGE,0
MTGEP,0
MTLS,0
MTRX,0
MTSC,0
MTSI,0
MTSL,0
MTSN,0
MU,0
MULT,0
MVIS,0
MWIV,0
MXIM,0
MXWL,0
MYGN,0
MYL,0
MYOS,0
MYRG,0
MZOR,0
NAII,0
NAME,0
NANO,0
NATH,0
NATI,0
NATL,0
NATR,0
NAUH,0
NAVG,0
NAVI,0
NBBC,0
NBIX,0
NBN,0
NBS,0
NBTB,0
NBTF,0
NCIT,0
NCLH,0
NCMI,0
NCTY,0
NDAQ,0
NDLS,0
NDRM,0
NDSN,0
NECB,0
NEO,0
NEOG,0
NEON,0
NEOT,0
NEPT,0
NERV,0
NETE,0
NEWP,0
NEWS,0
NEWT,0
NFBK,0
NFEC,0
NFLX,0
NGHC,0
NGHCP,0
NHTB,0
NICE,0
NICK,0
NILE,0
NKSH,0
NKTR,0
NLNK,0
NLST,0
NMIH,0
NMRX,0
NNBR,0
NPBC,0
NPSP,0
NRCIA,0
NRCIB,0
NRIM,0
NRX,0
NSEC,0
NSIT,0
NSPH,0
NSSC,0
NSTG,0
NSYS,0
NTAP,0
NTCT,0
NTES,0
NTGR,0
NTIC,0
NTK,0
NTLS,0
NTRI,0
NTRS,0
NTRSP,0
NTWK,0
NUAN,0
NURO,0
NUTR,0
NUVA,0
NVAX,0
NVCN,0
NVDA,0
NVDQ,0
NVEC,0
NVEE,0
NVEEW,0
NVFY,0
NVGN,0
NVMI,0
NVSL,0
NWBI,0
NWBO,0
NWBOW,0
NWFL,0
NWLI,0
NWPX,0
NWS,0
NWSA,0
NXPI,0
NXST,0
NXTD,0
NXTDW,0
NXTM,0
NYMT,0
NYMTP,0
NYMX,0
NYNY,0
OBAS,0
OBCI,0
OCC,0
OCFC,0
OCLR,0
OCLS,0
OCRX,0
OCUL,0
ODFL,0
ODP,0
OFED,0
OFIX,0
OFLX,0
OFS,0
OGXI,0
OHAI,0
OHGI,0
OHRP,0
OIIM,0
OKSB,0
OLBK,0
OLED,0
OMAB,0
OMCL,0
OMED,0
OMER,0
OMEX,0
ONB,0
ONCY,0
ONEQ,0
ONFC,0
ONNN,0
ONTX,0
ONTY,0
ONVI,0
OPB,0
OPHC,0
OPHT,0
OPOF,0
OPTT,0
OPXA,0
ORBC,0
ORBK,0
OREX,0
ORIG,0
ORIT,0
ORLY,0
ORMP,0
ORPN,0
ORRF,0
OSBC,0
OSBCP,0
OSHC,0
OSIR,0
OSIS,0
OSM,0
OSN,0
OSTK,0
OSUR,0
OTEL,0
OTEX,0
OTIC,0
OTIV,0
OTTR,0
OUTR,0
OVAS,0
OVBC,0
OVLY,0
OVTI,0
OXBR,0
OXBRW,0
OXFD,0
OXGN,0
OXLC,0
OXLCN,0
OXLCO,0
OXLCP,0
OZRK,0
PAAS,0
PACB,0
PACW,0
PAGG,0
PAHC,0
PANL,0
PARN,0
PATIV,0
PATK,0
PAYX,0
PBCP,0
PBCT,0
PBHC,0
PBIB,0
PBIP,0
PBMD,0
PBPB,0
PBSK,0
PCAR,0
PCBK,0
PCCC,0
PCH,0
PCLN,0
PCMI,0
PCO,0
PCOM,0
PCRX,0
PCTI,0
PCTY,0
PCYC,0
PCYG,0
PCYO,0
PDBC,0
PDCE,0
PDCO,0
PDEX,0
PDFS,0
PDII,0
PDLI,0
PEBK,0
PEBO,0
PEGA,0
PEGI,0
PEIX,0
PENN,0
PENX,0
PEOP,0
PERF,0
PERI,0
PERY,0
PESI,0
PETM,0
PETS,0
PETX,0
PFBC,0
PFBI,0
PFBX,0
PFIE,0
PFIN,0
PFIS,0
PFLT,0
PFMT,0
PFPT,0
PFSW,0
PGC,0
PGNX,0
PGTI,0
PHII,0
PHIIK,0
PHMD,0
PICO,0
PIH,0
PINC,0
PKBK,0
PKOH,0
PKT,0
PLAB,0
PLAY,0
PLBC,0
PLCE,0
PLCM,0
PLKI,0
PLMT,0
PLNR,0
PLPC,0
PLPM,0
PLTM,0
PLUG,0
PLUS,0
PLXS,0
PMBC,0
PMCS,0
PMD,0
PME,0
PMFG,0
PNBK,0
PNFP,0
PNNT,0
PNQI,0
PNRA,0
PNRG,0
PNTR,0
PODD,0
POOL,0
POPE,0
POWI,0
POWL,0
POZN,0
PPBI,0
PPC,0
PPHM,0
PPHMP,0
PPSI,0
PRAA,0
PRAH,0
PRAN,0
PRCP,0
PRFT,0
PRFZ,0
PRGN,0
PRGNL,0
PRGS,0
PRGX,0
PRIM,0
PRKR,0
PRLS,0
PRMW,0
PROV,0
PRPH,0
PRQR,0
PRSC,0
PRSS,0
PRTA,0
PRTK,0
PRTO,0
PRTS,0
PRXI,0
PRXL,0
PSAU,0
PSBH,0
PSCC,0
PSCD,0
PSCE,0
PSCF,0
PSCH,0
PSCI,0
PSCM,0
PSCT,0
PSCU,0
PSDV,0
PSEC,0
PSEM,0
PSIX,0
PSMT,0
PSTB,0
PSTI,0
PSTR,0
PSUN,0
PTBI,0
PTBIW,0
PTC,0
PTCT,0
PTEN,0
PTIE,0
PTLA,0
PTNR,0
PTNT,0
PTRY,0
PTSI,0
PTX,0
PULB,0
PVTB,0
PVTBP,0
PWOD,0
PWRD,0
PWX,0
PXLW,0
PZZA,0
QABA,0
QADA,0
QADB,0
QAT,0
QBAK,0
QCCO,0
QCLN,0
QCOM,0
QCRH,0
QDEL,0
QGEN,0
QINC,0
QIWI,0
QKLS,0
QLGC,0
QLIK,0
QLTI,0
QLTY,0
QLYS,0
QNST,0
QQEW,0
QQQ,0
QQQC,0
QQQX,0
QQXT,0
QRHC,0
QRVO,0
QSII,0
QTEC,0
QTNT,0
QTNTW,0
QTWW,0
QUIK,0
QUMU,0
QUNR,0
QURE,0
QVCA,0
QVCB,0
QYLD,0
RADA,0
RAIL,0
RAND,0
RARE,0
RAVE,0
RAVN,0
RBCAA,0
RBCN,0
RBPAA,0
RCII,0
RCKY,0
RCMT,0
RCON,0
RCPI,0
RCPT,0
RDCM,0
RDEN,0
RDHL,0
RDI,0
RDIB,0
RDNT,0
RDUS,0
RDVY,0
RDWR,0
RECN,0
REDF,0
REFR,0
REGI,0
REGN,0
REIS,0
RELL,0
RELV,0
REMY,0
RENT,0
REPH,0
RESN,0
REXI,0
REXX,0
RFIL,0
RGCO,0
RGDO,0
RGDX,0
RGEN,0
RGLD,0
RGLS,0
RGSE,0
RIBT,0
RIBTW,0
RICK,0
RIGL,0
RITT,0
RITTW,0
RIVR,0
RJET,0
RLJE,0
RLOC,0
RLOG,0
RLYP,0
RMBS,0
RMCF,0
RMGN,0
RMTI,0
RNA,0
RNET,0
RNST,0
RNWK,0
ROBO,0
ROCK,0
ROIA,0
ROIAK,0
ROIC,0
ROIQ,0
ROIQU,0
ROIQW,0
ROKA,0
ROLL,0
ROSE,0
ROSG,0
ROST,0
ROVI,0
ROYL,0
RP,0
RPRX,0
RPRXW,0
RPRXZ,0
RPTP,0
RPXC,0
RRD,0
RRGB,0
RRST,0
RSTI,0
RSYS,0
RTGN,0
RTIX,0
RTK,0
RTRX,0
RUSHA,0
RUSHB,0
RUTH,0
RVBD,0
RVLT,0
RVNC,0
RVSB,0
RWLK,0
RXDX,0
RXII,0
RYAAY,0
SAAS,0
SABR,0
SAEX,0
SAFM,0
SAFT,0
SAGE,0
SAIA,0
SAJA,0
SAL,0
SALE,0
SALM,0
SAMG,0
SANM,0
SANW,0
SANWZ,0
SAPE,0
SASR,0
SATS,0
SAVE,0
SBAC,0
SBBX,0
SBCF,0
SBCP,0
SBFG,0
SBGI,0
SBLK,0
SBLKL,0
SBNY,0
SBNYW,0
SBRA,0
SBRAP,0
SBSA,0
SBSI,0
SBUX,0
SCAI,0
SCHL,0
SCHN,0
SCLN,0
SCMP,0
SCOK,0
SCON,0
SCOR,0
SCSC,0
SCSS,0
SCTY,0
SCVL,0
SCYX,0
SEAC,0
SEED,0
SEIC,0
SEMI,0
SENEA,0
SENEB,0
SEV,0
SFBC,0
SFBS,0
SFLY,0
SFM,0
SFNC,0
SFST,0
SFXE,0
SGBK,0
SGC,0
SGEN,0
SGI,0
SGMA,0
SGMO,0
SGMS,0
SGNL,0
SGNT,0
SGOC,0
SGRP,0
SGYP,0
SGYPU,0
SGYPW,0
SHBI,0
SHEN,0
SHIP,0
SHLD,0
SHLDW,0
SHLM,0
SHLO,0
SHOO,0
SHOR,0
SHOS,0
SHPG,0
SIAL,0
SIBC,0
SIEB,0
SIEN,0
SIFI,0
SIFY,0
SIGA,0
SIGI,0
SIGM,0
SILC,0
SIMG,0
SIMO,0
SINA,0
SINO,0
SIRI,0
SIRO,0
SIVB,0
SIVBO,0
SIXD,0
SKBI,0
SKIS,0
SKOR,0
SKUL,0
SKYS,0
SKYW,0
SKYY,0
SLAB,0
SLCT,0
SLGN,0
SLM,0
SLMAP,0
SLMBP,0
SLP,0
SLRC,0
SLTC,0
SLVO,0
SLXP,0
SMAC,0
SMACR,0
SMACU,0
SMBC,0
SMCI,0
SMED,0
SMIT,0
SMLR,0
SMMF,0
SMPL,0
SMRT,0
SMSI,0
SMT,0
SMTC,0
SMTP,0
SMTX,0
SNAK,0
SNBC,0
SNC,0
SNCR,0
SNDK,0
SNFCA,0
SNHY,0
SNMX,0
SNPS,0
SNSS,0
SNTA,0
SOCB,0
SOCL,0
SODA,0
SOFO,0
SOHO,0
SOHOL,0
SOHOM,0
SOHU,0
SONA,0
SONC,0
SONS,0
SORL,0
SOXX,0
SP,0
SPAN,0
SPAR,0
SPCB,0
SPDC,0
SPEX,0
SPHS,0
SPIL,0
SPKE,0
SPLK,0
SPLS,0
SPNC,0
SPNS,0
SPOK,0
SPPI,0
SPPR,0
SPPRO,0
SPPRP,0
SPRO,0
SPRT,0
SPSC,0
SPTN,0
SPU,0
SPWH,0
SPWR,0
SQBG,0
SQBK,0
SQI,0
SQNM,0
SQQQ,0
SRCE,0
SRCL,0
SRDX,0
SREV,0
SRNE,0
SRPT,0
SRSC,0
SSB,0
SSBI,0
SSFN,0
SSH,0
SSNC,0
SSRG,0
SSRI,0
SSYS,0
STAA,0
STB,0
STBA,0
STBZ,0
STCK,0
STEM,0
STFC,0
STKL,0
STLD,0
STLY,0
STML,0
STMP,0
STNR,0
STPP,0
STRA,0
STRL,0
STRM,0
STRN,0
STRS,0
STRT,0
STRZA,0
STRZB,0
STX,0
STXS,0
SUBK,0
SUMR,0
SUNS,0
SUPN,0
SURG,0
SUSQ,0
SUTR,0
SVA,0
SVBI,0
SVVC,0
SWHC,0
SWIR,0
SWKS,0
SWSH,0
SYBT,0
SYKE,0
SYMC,0
SYMX,0
SYNA,0
SYNC,0
SYNL,0
SYNT,0
SYPR,0
SYRX,0
SYUT,0
SZMK,0
SZYM,0
TACT,0
TAIT,0
TAPR,0
TASR,0
TAST,0
TATT,0
TAX,0
TAXI,0
TAYD,0
TBBK,0
TBIO,0
TBK,0
TBNK,0
TBPH,0
TCBI,0
TCBIL,0
TCBIP,0
TCBIW,0
TCBK,0
TCCO,0
TCFC,0
TCPC,0
TCRD,0
TCX,0
TDIV,0
TEAR,0
TECD,0
TECH,0
TECU,0
TEDU,0
TENX,0
TERP,0
TESO,0
TESS,0
TFM,0
TFSC,0
TFSCR,0
TFSCU,0
TFSCW,0
TFSL,0
TGA,0
TGE,0
TGEN,0
TGLS,0
TGTX,0
THFF,0
THLD,0
THOR,0
THRM,0
THRX,0
THST,0
THTI,0
TICC,0
TIGR,0
TILE,0
TINY,0
TIPT,0
TISA,0
TITN,0
TIVO,0
TKAI,0
TKMR,0
TLF,0
TLMR,0
TLOG,0
TNAV,0
TNDM,0
TNGO,0
TNXP,0
TOPS,0
TORM,0
TOUR,0
TOWN,0
TQQQ,0
TRAK,0
TRCB,0
TRCH,0
TREE,0
TRGT,0
TRIB,0
TRIL,0
TRIP,0
TRIV,0
TRMB,0
TRMK,0
TRNS,0
TRNX,0
TROV,0
TROVU,0
TROVW,0
TROW,0
TRS,0
TRST,0
TRTL,0
TRTLU,0
TRTLW,0
TRUE,0
TRVN,0
TSBK,0
TSC,0
TSCO,0
TSEM,0
TSLA,0
TSRA,0
TSRE,0
TSRI,0
TSRO,0
TST,0
TSYS,0
TTEC,0
TTEK,0
TTGT,0
TTHI,0
TTMI,0
TTOO,0
TTPH,0
TTS,0
TTWO,0
TUBE,0
TUES,0
TUSA,0
TVIX,0
TVIZ,0
TWER,0
TWIN,0
TWMC,0
TWOU,0
TXN,0
TXRH,0
TYPE,0
TZOO,0
UACL,0
UAE,0
UBCP,0
UBFO,0
UBIC,0
UBNK,0
UBNT,0
UBOH,0
UBSH,0
UBSI,0
UCBA,0
UCBI,0
UCFC,0
UCTT,0
UDF,0
UEIC,0
UEPS,0
UFCS,0
UFPI,0
UFPT,0
UG,0
UGLD,0
UHAL,0
UIHC,0
ULBI,0
ULTA,0
ULTI,0
ULTR,0
UMBF,0
UMPQ,0
UNAM,0
UNB,0
UNFI,0
UNIS,0
UNTD,0
UNTY,0
UNXL,0
UPI,0
UPIP,0
UPLD,0
URBN,0
URRE,0
USAK,0
USAP,0
USAT,0
USATP,0
USBI,0
USCR,0
USEG,0
USLM,0
USLV,0
USMD,0
USTR,0
UTEK,0
UTHR,0
UTIW,0
UTMD,0
UTSI,0
UVSP,0
VA,0
VALU,0
VALX,0
VASC,0
VBFC,0
VBIV,0
VBLT,0
VBND,0
VBTX,0
VCEL,0
VCIT,0
VCLT,0
VCSH,0
VCYT,0
VDSI,0
VECO,0
VGGL,0
VGIT,0
VGLT,0
VGSH,0
VIA,0
VIAB,0
VIAS,0
VICL,0
VICR,0
VIDE,0
VIDI,0
VIEW,0
VIIX,0
VIIZ,0
VIMC,0
VIP,0
VIRC,0
VISN,0
VIVO,0
VLCCF,0
VLGEA,0
VLTC,0
VLYWW,0
VMBS,0
VNDA,0
VNET,0
VNOM,0
VNQI,0
VNR,0
VNRAP,0
VNRBP,0
VNRCP,0
VOD,0
VOLC,0
VONE,0
VONG,0
VONV,0
VOXX,0
VPCO,0
VRA,0
VRML,0
VRNG,0
VRNGW,0
VRNS,0
VRNT,0
VRSK,0
VRSN,0
VRTA,0
VRTB,0
VRTS,0
VRTU,0
VRTX,0
VSAR,0
VSAT,0
VSCI,0
VSCP,0
VSEC,0
VSTM,0
VTAE,0
VTHR,0
VTIP,0
VTL,0
VTNR,0
VTSS,0
VTWG,0
VTWO,0
VTWV,0
VUSE,0
VVUS,0
VWOB,0
VWR,0
VXUS,0
VYFC,0
WABC,0
WAFD,0
WAFDW,0
WASH,0
WATT,0
WAVX,0
WAYN,0
WB,0
WBA,0
WBB,0
WBKC,0
WBMD,0
WDC,0
WDFC,0
WEBK,0
WEN,0
WERN,0
WETF,0
WEYS,0
WFBI,0
WFD,0
WFM,0
WGBS,0
WHF,0
WHFBL,0
WHLM,0
WHLR,0
WHLRP,0
WHLRW,0
WIBC,0
WIFI,0
WILC,0
WILN,0
WIN,0
WINA,0
WIRE,0
WIX,0
WLB,0
WLBPZ,0
WLDN,0
WLFC,0
WLRH,0
WLRHU,0
WLRHW,0
WMAR,0
WMGI,0
WMGIZ,0
WOOD,0
WOOF,0
WPCS,0
WPPGY,0
WPRT,0
WRES,0
WRLD,0
WSBC,0
WSBF,0
WSCI,0
WSFS,0
WSFSL,0
WSTC,0
WSTG,0
WSTL,0
WTBA,0
WTFC,0
WTFCW,0
WTSL,0
WVFC,0
WVVI,0
WWD,0
WWWW,0
WYNN,0
XBKS,0
XCRA,0
XENE,0
XENT,0
XGTI,0
XGTIW,0
XIV,0
XLNX,0
XLRN,0
XNCR,0
XNET,0
XNPT,0
XOMA,0
XONE,0
XOOM,0
XPLR,0
XRAY,0
XTLB,0
XXIA,0
YDIV,0
YDLE,0
YHOO,0
YNDX,0
YOD,0
YORW,0
YPRO,0
YRCW,0
YY,0
Z,0
ZAGG,0
ZAZA,0
ZBRA,0
ZEUS,0
ZFGN,0
ZGNX,0
ZHNE,0
ZINC,0
ZION,0
ZIONW,0
ZIONZ,0
ZIOP,0
ZIV,0
ZIXI,0
ZLTQ,0
ZN,0
ZNGA,0
ZSPH,0
ZU,0
ZUMZ,0
