14D,0
1ST,0
3PL,0
4DS,0
5GN,0
88E,0
8CO,0
8IH,0
8EC,0
8VI,0
9SP,0
ACB,0
A2B,0
ABP,0
ABL,0
AEG,0
ABT,0
ACS,0
ACQ,0
ACF,0
ACR,0
ACW,0
ACU,0
AD1,0
ADA,0
ADH,0
1AD,0
ADD,0
ABC,0
ADR,0
AHZ,0
ADY,0
ADT,0
ADJ,0
ABV,0
ADX,0
AER,0
AEI,0
AFL,0
AEB,0
AFR,0
A1G,0
AFT,0
AFP,0
AGL,0
AGJ,0
AGR,0
AHL,0
A1M,0
AGI,0
A40,0
AHQ,0
AGS,0
AGE,0
A4N,0
1AG,0
AGH,0
3DA,0
ABR,0
ADN,0
AAR,0
AGG,0
ADO,0
AGX1,0
AHX,0
ADI,0
ADV,0
AGY,0
AHK,0
AAJ,0
AHY,0
AFA,0
AHN,0
AIA,0
ACP,0
AD8,0
AEE,0
ABW,0
A3D,0
AC8,0
AGD,0
AAC,0
AAP,0
ABX,0
AHF,0
AEF,0
AFG,0
AFI,0
AGM,0
ABA,0
AEV,0
A200,0
AGVT,0
AAA,0
ACDC,0
4CE,0
360,0
1AL,0
3DP,0
A2M,0
2BE,0
AIB,0
AIQ,0
AIR,0
AIS,0
AIV,0
AIY,0
AIZ,0
AJC,0
AJJ,0
AJL,0
AJM,0
AJQ,0
AJX,0
AJY,0
AKG,0
AKM,0
AKN,0
AKP,0
AL3,0
AL8,0
ALC,0
ALF,0
ALG,0
ALI,0
ALK,0
ALL,0
ALQ,0
ALT,0
ALU,0
ALX,0
ALY,0
AMA,0
AMB,0
AMC,0
AMD,0
AME,0
AMG,0
AMH,0
AMI,0
AML,0
AMN,0
AMO,0
AMP,0
AMS,0
AMT,0
AMX,0
ANA,0
ANG,0
ANL,0
ANN,0
ANO,0
ANP,0
ANR,0
ANS,0
ANW,0
ANZ,0
AO1,0
AOA,0
AOF,0
AON,0
AOP,0
AOU,0
AOW,0
APA,0
APC,0
APD,0
APE,0
APG,0
APH,0
API,0
APL,0
APT,0
APV,0
APW,0
APX,0
APZ,0
AQC,0
AQD,0
AQG,0
AQI,0
AQR,0
AQS,0
AQX,0
AQZ,0
AR9,0
ARA,0
ARB,0
ARC,0
ARD,0
ARE,0
ARF,0
ARG,0
ARL,0
ARM,0
ARN,0
ARO,0
ARQ,0
ARS,0
ARU,0
ARV,0
AS1,0
ASB,0
ASG,0
ASH,0
ASIA,0
ASN,0
ASP,0
ASQ,0
AST,0
ASW,0
ASX,0
AT1,0
ATC,0
ATEC,0
ATH,0
ATL,0
ATM,0
ATP,0
ATR,0
ATS,0
ATU,0
ATX,0
AU1,0
AU8,0
AUB,0
AUC,0
AUDS,0
AUH,0
AUI,0
AUL,0
AUMF,0
AUP,0
AUQ,0
AUR,0
AUST,0
AUT,0
AUZ,0
AV1,0
AVA,0
AVC,0
AVE,0
AVG,0
AVH,0
AVJ,0
AVL,0
AVN,0
AVQ,0
AVW,0
AVZ,0
AWC,0
AWN,0
AWV,0
AWY,0
AX1,0
AX8,0
AXE,0
AXI,0
AXT,0
AYF,0
AYI,0
AYM,0
AYR,0
AYS,0
AZI,0
AZJ,0
AZS,0
AZT,0
AZV,0
AZY,0
B2Y,0
BAF,0
BAP,0
BAR,0
BAS,0
BAT,0
BBC,0
BBL,0
BBN,0
BBOZ,0
BBUS,0
BBX,0
BC8,0
BCB,0
BCC,0
BCI,0
BCK,0
BCL,0
BCN,0
BCT,0
BD1,0
BDA,0
BDC,0
BDG,0
BDI,0
BEAR,0
BEE,0
BEL,0
BEM,0
BEN,0
BET,0
BFC,0
BFG,0
BGA,0
BGL,0
BGP,0
BGT,0
BHD,0
BHL,0
BHP,0
BID,0
BILL,0
BIN,0
BIQ,0
BIR,0
BIS,0
BIT,0
BKI,0
BKL,0
BKT,0
BKW,0
BKY,0
BLA,0
BLD,0
BLG,0
BLK,0
BLU,0
BLV,0
BLX,0
BLY,0
BLZ,0
BMG,0
BMH,0
BMN,0
BNDS,0
BNKS,0
BNL,0
BNO,0
BNR,0
BOA,0
BOC,0
BOE,0
BOL,0
BOND,0
BOQ,0
BOT,0
BPH,0
BPL,0
BPP,0
BPT,0
BRB,0
BRG,0
BRI,0
BRK,0
BRL,0
BRN,0
BRU,0
BRV,0
BSA,0
BSE,0
BSL,0
BSM,0
BSP,0
BSR,0
BSX,0
BTC,0
BTH,0
BTI,0
BUB,0
BUD,0
BUG,0
BUX,0
BUY,0
BVS,0
BWF,0
BWP,0
BWR,0
BWX,0
BXB,0
BXN,0
BYE,0
BYH,0
BYI,0
C6C,0
CA8,0
CAA,0
CAD,0
CAE,0
CAF,0
CAG,0
CAI,0
CAJ,0
CAM,0
CAN,0
CAP,0
CAQ,0
CAR,0
CAT,0
CAU,0
CAV,0
CAY,0
CAZ,0
CBA,0
CBE,0
CBR,0
CBY,0
CCA,0
CCE,0
CCG,0
CCJ,0
CCL,0
CCP,0
CCV,0
CCX,0
CCZ,0
CD1,0
CD2,0
CD3,0
CDA,0
CDD,0
CDH,0
CDM,0
CDP,0
CDT,0
CDV,0
CDX,0
CDY,0
CE1,0
CEL,0
CEN,0
CETF,0
CFE,0
CFO,0
CG1,0
CGA,0
CGB,0
CGC,0
CGF,0
CGL,0
CGM,0
CGN,0
CGO,0
CGR,0
CGS,0
CHC,0
CHK,0
CHN,0
CHZ,0
CI1,0
CIA,0
CIE,0
CII,0
CIM,0
CIN,0
CINPA,0
CIO,0
CIP,0
CIW,0
CKA,0
CKF,0
CL1,0
CL8,0
CLA,0
CLB,0
CLF,0
CLH,0
CLI,0
CLQ,0
CLT,0
CLV,0
CLW,0
CLX,0
CLZ,0
CM1,0
CM8,0
CMC,0
CMD,0
CML,0
CMM,0
CMP,0
CMW,0
CNB,0
CNEW,0
CNI,0
CNJ,0
CNL,0
CNU,0
CNW,0
COB,0
COE,0
COF,0
COG,0
COH,0
COI,0
COL,0
COO,0
CORE,0
COS,0
COY,0
CP1,0
CPH,0
CPT,0
CPU,0
CPV,0
CQE,0
CQR,0
CR1,0
CRB,0
CRED,0
CRL,0
CRM,0
CRN,0
CRO,0
CRS,0
CSD,0
CSE,0
CSL,0
CSR,0
CSS,0
CST,0
CT1,0
CTD,0
CTE,0
CTM,0
CTO,0
CTP,0
CTX,0
CUE,0
CUL,0
CUP,0
CURE,0
CUV,0
CUX,0
CV1,0
CVC,0
CVF,0
CVL,0
CVN,0
CVS,0
CVV,0
CVW,0
CWL,0
CWN,0
CWP,0
CWX,0
CWY,0
CWZ,0
CXL,0
CXM,0
CXO,0
CXU,0
CXX,0
CXZ,0
CY5,0
CYC,0
CYG,0
CYL,0
CYM,0
CYP,0
CYQ,0
CZI,0
CZL,0
CZN,0
CZR,0
D13,0
D2O,0
DAF,0
DAU,0
DAV,0
DBBF,0
DBF,0
DCC,0
DCG,0
DCL,0
DCN,0
DCX,0
DDD,0
DDR,0
DDT,0
DEG,0
DEM,0
DEV,0
DFM,0
DGGF,0
DGH,0
DGO,0
DGR,0
DHG,0
DHHF,0
DHR,0
DIV,0
DJRE,0
DJW,0
DKM,0
DLC,0
DME,0
DMG,0
DMKT,0
DMP,0
DNA,0
DNK,0
DOR,0
DOW,0
DRE,0
DRO,0
DRUG,0
DRX,0
DSE,0
DTC,0
DTI,0
DTL,0
DTM,0
DTR,0
DTS,0
DTZ,0
DUB,0
DUI,0
DVL,0
DVN,0
DW8,0
DWS,0
DXB,0
DXN,0
DXS,0
DYL,0
DZZF,0
E25,0
E2E,0
E2M,0
EAF,0
EAI,0
EAS,0
EAX,0
EBG,0
EBND,0
EBO,0
ECF,0
ECG,0
ECL,0
ECP,0
ECS,0
ECT,0
ECX,0
ED1,0
EDC,0
EDE,0
EEG,0
EER,0
EEU,0
EFE,0
EFF,0
EGD,0
EGF,0
EGG,0
EGH,0
EGI,0
EGL,0
EGN,0
EGO,0
EGR,0
EGY,0
EHE,0
EHH,0
EHL,0
EHX,0
EIGA,0
EINC,0
ELD,0
ELE,0
ELO,0
ELS,0
ELT,0
ELX,0
EM1,0
EM2,0
EMB,0
EMD,0
EME,0
EMH,0
EMKT,0
EML,0
EMMG,0
EMN,0
EMP,0
EMR,0
EMT,0
EMU,0
EMUCA,0
EMV,0
EN1,0
ENA,0
ENB,0
ENE,0
ENN,0
ENR,0
ENT,0
ENX,0
EOF,0
EOL,0
EOR,0
EOS,0
EPD,0
EPM,0
EQE,0
EQT,0
EQX,0
ERA,0
ERF,0
ERG,0
ERL,0
ERM,0
ERX,0
ESE,0
ESGI,0
ESH,0
ESK,0
ESL,0
ESR,0
ESTX,0
ETF,0
ETHI,0
ETPMAG,0
ETPMPD,0
ETPMPM,0
ETPMPT,0
EUC,0
EUR,0
EVE,0
EVN,0
EVO,0
EVS,0
EVT,0
EVZ,0
EWC,0
EX1,0
EX20,0
EXL,0
EXO,0
EXP,0
EXR,0
EZL,0
F100,0
FAIR,0
FAM,0
FANG,0
FAR,0
FAU,0
FBR,0
FBU,0
FCG,0
FCL,0
FCT,0
FDM,0
FDV,0
FDX,0
FE8,0
FEI,0
FEL,0
FEMX,0
FEX,0
FFC,0
FFG,0
FFI,0
FFL,0
FFR,0
FGG,0
FGO,0
FGR,0
FGX,0
FHS,0
FID,0
FIG,0
FIJ,0
FIN,0
FLC,0
FLN,0
FLOT,0
FLT,0
FMG,0
FML,0
FMS,0
FNP,0
FNT,0
FOD,0
FOOD,0
FOR,0
FPC,0
FPH,0
FPL,0
FPP,0
FRI,0
FRM,0
FRN,0
FRX,0
FSA,0
FSF,0
FSG,0
FSI,0
FTC,0
FTT,0
FTZ,0
FUEL,0
FUN,0
FWD,0
FXL,0
FYI,0
FZO,0
FZR,0
G1A,0
G88,0
GAL,0
GAP,0
GAS,0
GBE,0
GBM,0
GBND,0
GBP,0
GBR,0
GBZ,0
GC1,0
GCI,0
GCR,0
GCY,0
GDF,0
GDG,0
GDI,0
GDX,0
GEAR,0
GED,0
GEM,0
GES,0
GEV,0
GFI,0
GFL,0
GGE,0
GGG,0
GGUS,0
GGX,0
GIB,0
GID,0
GLA,0
GLB,0
GLE,0
GLH,0
GLIN,0
GLL,0
GLN,0
GLV,0
GMA,0
GMC,0
GMD,0
GME,0
GMG,0
GML,0
GMN,0
GMR,0
GMV,0
GNC,0
GNE,0
GNG,0
GNM,0
GNX,0
GO2,0
GOLD,0
GOO,0
GOR,0
GOVT,0
GOW,0
GOZ,0
GPR,0
GPS,0
GPT,0
GPX,0
GRB,0
GRL,0
GRNV,0
GROW,0
GRR,0
GRV,0
GSM,0
GSN,0
GSS,0
GSW,0
GTE,0
GTG,0
GTK,0
GTN,0
GTR,0
GUD,0
GUL,0
GVF,0
GWA,0
GWR,0
GXY,0
HACK,0
HAS,0
HAV,0
HAW,0
HBRD,0
HCD,0
HCH,0
HCT,0
HE8,0
HEUR,0
HFR,0
HGH,0
HGL,0
HGM,0
HGO,0
HHM,0
HHY,0
HIL,0
HIP,0
HIT,0
HJPN,0
HLA,0
HLO,0
HLS,0
HLX,0
HM1,0
HMC,0
HMD,0
HMO,0
HMX,0
HNG,0
HNR,0
HOG,0
HOR,0
HOT,0
HPI,0
HPR,0
HRL,0
HRN,0
HRR,0
HRZ,0
HSC,0
HSN,0
HT1,0
HT8,0
HTA,0
HTG,0
HUB,0
HUO,0
HVM,0
HVN,0
HVST,0
HWH,0
HWK,0
HXG,0
HYD,0
HZN,0
HZR,0
IAA,0
IAF,0
IAG,0
IAM,0
IAP,0
IBC,0
IBG,0
IBX,0
ICE,0
ICG,0
ICI,0
ICN,0
ICQ,0
ICS,0
ICT,0
ICU,0
ID8,0
IDA,0
IDT,0
IDX,0
IDZ,0
IEC,0
IEL,0
IEM,0
IEQ,0
IEU,0
IFL,0
IFM,0
IFN,0
IFRA,0
IFT,0
IGB,0
IGE,0
IGL,0
IGN,0
IGO,0
IHCB,0
IHD,0
IHEB,0
IHHY,0
IHL,0
IHOO,0
IHR,0
IHVV,0
IHWL,0
IIND,0
IJH,0
IJP,0
IJR,0
IKE,0
IKO,0
IKW,0
ILB,0
ILC,0
ILU,0
IMA,0
IMC,0
IMD,0
IME,0
IMM,0
IMPQ,0
IMR,0
IMS,0
IMU,0
INA,0
INCM,0
INES,0
INF,0
ING,0
INIF,0
INP,0
INR,0
INV,0
IOD,0
IOO,0
IOZ,0
IP1,0
IPB,0
IPC,0
IPD,0
IPH,0
IPL,0
IPT,0
IQ3,0
IRD,0
IRE,0
IRI,0
IS3,0
ISD,0
ISEC,0
ISO,0
ISU,0
ISX,0
ITG,0
IVC,0
IVE,0
IVO,0
IVQ,0
IVR,0
IVT,0
IVV,0
IVX,0
IVZ,0
IWLD,0
IXC,0
IXI,0
IXJ,0
IXR,0
IXU,0
IZZ,0
JAL,0
JAN,0
JAT,0
JAY,0
JBH,0
JCI,0
JCS,0
JDR,0
JHC,0
JHG,0
JHL,0
JHX,0
JIN,0
JIP,0
JJF,0
JKA,0
JLG,0
JMS,0
JPR,0
JRL,0
JRV,0
JXT,0
JYC,0
K2F,0
KAI,0
KAM,0
KAR,0
KAS,0
KAT,0
KAU,0
KBC,0
KCN,0
KEY,0
KFE,0
KGD,0
KGL,0
KGM,0
KGN,0
KIN,0
KIS,0
KKC,0
KKL,0
KKO,0
KLA,0
KLL,0
KLO,0
KLR,0
KMD,0
KME,0
KMT,0
KNH,0
KNM,0
KNO,0
KOR,0
KOV,0
KP2,0
KPC,0
KPE,0
KPG,0
KPO,0
KPT,0
KRM,0
KRR,0
KRS,0
KSC,0
KSL,0
KSM,0
KSN,0
KSS,0
KTA,0
KTD,0
KTE,0
KTG,0
KWR,0
KYK,0
KZA,0
KZR,0
LAA,0
LAM,0
LAU,0
LAW,0
LBL,0
LBT,0
LCD,0
LCE,0
LCK,0
LCL,0
LCM,0
LCT,0
LCY,0
LEG,0
LEP,0
LER,0
LEX,0
LGP,0
LGR,0
LHB,0
LHM,0
LI3,0
LIC,0
LIN,0
LIO,0
LIT,0
LKE,0
LKO,0
LLC,0
LLO,0
LME,0
LMG,0
LML,0
LNG,0
LNK,0
LNU,0
LNY,0
LOM,0
LON,0
LOT,0
LOV,0
LPD,0
LPDRC,0
LPE,0
LPI,0
LRM,0
LRS,0
LRT,0
LSA,0
LSF,0
LSH,0
LSR,0
LSX,0
LTR,0
LVE,0
LVH,0
LVT,0
LYC,0
LYL,0
M7T,0
M8S,0
MA1,0
MAD,0
MAG,0
MAH,0
MAI,0
MAM,0
MAN,0
MAQ,0
MAT,0
MAU,0
MAUCA,0
MAX,0
MAY,0
MBK,0
MBM,0
MCA,0
MCB,0
MCE,0
MCM,0
MCP,0
MCR,0
MCT,0
MCX,0
MCY,0
MDC,0
MDI,0
MDR,0
MDX,0
MEA,0
MEB,0
MEC,0
MEI,0
MEL,0
MEM,0
MEP,0
MEQ,0
MEU,0
MEY,0
MEZ,0
MFD,0
MFF,0
MFG,0
MGC,0
MGE,0
MGG,0
MGL,0
MGR,0
MGT,0
MGU,0
MGV,0
MGX,0
MGZ,0
MHC,0
MHD,0
MHG,0
MHH,0
MHI,0
MHJ,0
MICH,0
MIH,0
MIL,0
MIN,0
MIO,0
MIR,0
MJC,0
MKG,0
MLD,0
MLL,0
MLM,0
MLS,0
MLT,0
MLX,0
MME,0
MMI,0
MMJ,0
MML,0
MMM,0
MMR,0
MMS,0
MNB,0
MND,0
MNF,0
MNRS,0
MNS,0
MNW,0
MNY,0
MOAT,0
MOB,0
MOC,0
MOE,0
MOGL,0
MOH,0
MONY,0
MOQ,0
MOT,0
MOY,0
MOZ,0
MP1,0
MPH,0
MPL,0
MPO,0
MPP,0
MPR,0
MPW,0
MPX,0
MQG,0
MQR,0
MRC,0
MRD,0
MRG,0
MRL,0
MRM,0
MRQ,0
MRR,0
MRV,0
MRZ,0
MSB,0
MSE,0
MSG,0
MSI,0
MSM,0
MSR,0
MSTR,0
MSV,0
MTB,0
MTC,0
MTH,0
MTL,0
MTO,0
MTS,0
MVA,0
MVB,0
MVE,0
MVF,0
MVOL,0
MVP,0
MVR,0
MVS,0
MVW,0
MWR,0
MWY,0
MX1,0
MXC,0
MXI,0
MXR,0
MXT,0
MYE,0
MYL,0
MYQ,0
MYR,0
MYS,0
MYX,0
MZI,0
MZZ,0
N1H,0
NAB,0
NAC,0
NAE,0
NAG,0
NAM,0
NAN,0
NBI,0
NC6,0
NCC,0
NCK,0
NCL,0
NCM,0
NCR,0
NCZ,0
NDIA,0
NDQ,0
NEA,0
NEC,0
NES,0
NET,0
NEU,0
NEW,0
NGE,0
NGI,0
NGY,0
NHC,0
NHF,0
NIC,0
NIU,0
NME,0
NML,0
NMT,0
NNT,0
NOR,0
NOV,0
NOX,0
NSB,0
NSC,0
NSE,0
NSR,0
NST,0
NSX,0
NTD,0
NTI,0
NTL,0
NTM,0
NTO,0
NTU,0
NUC,0
NUF,0
NUH,0
NUS,0
NVA,0
NVO,0
NVU,0
NVX,0
NWC,0
NWE,0
NWF,0
NWH,0
NWL,0
NWM,0
NWS,0
NWSLV,0
NXE,0
NXM,0
NXS,0
NXT,0
NYR,0
NZK,0
NZM,0
NZS,0
OAR,0
OAU,0
OBJ,0
OBL,0
OBM,0
OCA,0
OCC,0
OCL,0
ODA,0
ODM,0
ODY,0
OEC,0
OEL,0
OEQ,0
OEX,0
OFX,0
OGA,0
OGC,0
OGX,0
OIL,0
OKJ,0
OKR,0
OKU,0
OLH,0
OLI,0
OLL,0
OLV,0
OMH,0
OML,0
ONE,0
ONT,0
ONX,0
OOK,0
OOO,0
OPC,0
OPH,0
OPL,0
OPT,0
OPY,0
ORA,0
ORE,0
ORG,0
ORI,0
ORM,0
ORN,0
ORR,0
OSH,0
OSL,0
OSP,0
OSX,0
OTW,0
OVH,0
OVN,0
OVT,0
OXX,0
OZF,0
OZG,0
OZL,0
OZR,0
P2P,0
PAA,0
PAB,0
PAC,0
PAF,0
PAI,0
PAK,0
PAL,0
PAN,0
PAR,0
PAXX,0
PBH,0
PBP,0
PBX,0
PCG,0
PCH,0
PCI,0
PCK,0
PCL,0
PDI,0
PDL,0
PDN,0
PDZ,0
PE1,0
PEC,0
PEK,0
PEL,0
PEN,0
PET,0
PEX,0
PFG,0
PFP,0
PG1,0
PGC,0
PGF,0
PGG,0
PGH,0
PGI,0
PGL,0
PGM,0
PGR,0
PGX,0
PGY,0
PIA,0
PIC,0
PIL,0
PIN,0
PIO,0
PIQ,0
PIXX,0
PKD,0
PKO,0
PKS,0
PL8,0
PLC,0
PLL,0
PLS,0
PLUS,0
PLX,0
PM1,0
PM8,0
PMC,0
PME,0
PMGOLD,0
PMV,0
PMY,0
PNC,0
PNI,0
PNL,0
PNN,0
PNR,0
PNV,0
PNW,0
PNX,0
PO3,0
POD,0
POS,0
POU,0
POW,0
PPC,0
PPE,0
PPG,0
PPH,0
PPK,0
PPL,0
PPS,0
PPT,0
PPY,0
PRM,0
PRN,0
PRO,0
PRT,0
PRU,0
PRX,0
PRZ,0
PSA,0
PSC,0
PSI,0
PSL,0
PSQ,0
PSZ,0
PTB,0
PTL,0
PTM,0
PTR,0
PTX,0
PUA,0
PUR,0
PVE,0
PVL,0
PVS,0
PWG,0
PWH,0
PWL,0
PWN,0
PWNCA,0
PXS,0
PXX,0
PYC,0
PYG,0
QAG,0
QAN,0
QAU,0
QBE,0
QCB,0
QEM,0
QFE,0
QFN,0
QFY,0
QGL,0
QHAL,0
QHL,0
QIP,0
QLTY,0
QMIX,0
QOZ,0
QPON,0
QPR,0
QRE,0
QRI,0
QSS,0
QTG,0
QTM,0
QUAL,0
QUB,0
QUE,0
QUS,0
QVE,0
R3D,0
RAC,0
RAG,0
RAN,0
RAP,0
RARI,0
RBD,0
RBL,0
RBR,0
RBTZ,0
RBX,0
RCB,0
RCE,0
RCL,0
RCP,0
RCT,0
RCW,0
RD1,0
RDC,0
RDF,0
RDG,0
RDH,0
RDM,0
RDN,0
RDS,0
RDV,0
RDY,0
RE1,0
REA,0
RED,0
REE,0
REF,0
REG,0
REH,0
REIT,0
RENT,0
RES,0
REV,0
REX,0
REY,0
REZ,0
RF1,0
RFF,0
RFG,0
RFN,0
RFR,0
RFT,0
RFX,0
RGB,0
RGI,0
RGL,0
RGS,0
RHC,0
RHI,0
RHP,0
RHT,0
RHY,0
RIC,0
RIE,0
RIM,0
RINC,0
RIO,0
RKN,0
RLC,0
RLE,0
RLG,0
RLT,0
RMC,0
RMD,0
RMG,0
RMI,0
RML,0
RMP,0
RMS,0
RMT,0
RMX,0
RMY,0
RND,0
RNE,0
RNO,0
RNT,0
RNU,0
RNX,0
RNY,0
ROBO,0
ROG,0
ROO,0
RPG,0
RPM,0
RRL,0
RSG,0
RSH,0
RSM,0
RTE,0
RTG,0
RTR,0
RUL,0
RVR,0
RVS,0
RWC,0
RWD,0
RXH,0
RXL,0
RXM,0
RXP,0
RYD,0
RZI,0
S2R,0
S32,0
S66,0
SAM,0
SAN,0
SAR,0
SAS,0
SAU,0
SAVE,0
SBI,0
SBM,0
SBR,0
SBU,0
SBW,0
SCG,0
SCI,0
SCL,0
SCN,0
SCP,0
SCT,0
SCU,0
SDA,0
SDF,0
SDG,0
SDI,0
SDL,0
SDV,0
SDX,0
SE1,0
SEC,0
SEI,0
SEK,0
SELF,0
SEN,0
SEQ,0
SER,0
SES,0
SF1,0
SFC,0
SFG,0
SFM,0
SFR,0
SFX,0
SFY,0
SGC,0
SGF,0
SGH,0
SGI,0
SGLLV,0
SGM,0
SGO,0
SGP,0
SGQ,0
SGR,0
SHE,0
SHH,0
SHJ,0
SHK,0
SHL,0
SHM,0
SHO,0
SHV,0
SI6,0
SIG,0
SIH,0
SIL,0
SIO,0
SIQ,0
SIS,0
SIT,0
SIV,0
SIX,0
SKC,0
SKF,0
SKI,0
SKN,0
SKO,0
SKT,0
SKY,0
SL1,0
SLC,0
SLF,0
SLK,0
SLM,0
SLR,0
SLX,0
SLZ,0
SM1,0
SMC,0
SMG,0
SMI,0
SMLL,0
SMN,0
SMP,0
SMR,0
SMX,0
SNC,0
SND,0
SNL,0
SNS,0
SNZ,0
SO4,0
SOL,0
SOM,0
SOP,0
SOR,0
SP3,0
SPK,0
SPL,0
SPQ,0
SPT,0
SPX,0
SPY,0
SPZ,0
SRG,0
SRH,0
SRI,0
SRK,0
SRN,0
SRV,0
SRY,0
SRZ,0
SSG,0
SSL,0
SSLPA,0
SSM,0
SSO,0
SST,0
ST1,0
STA,0
STC,0
STG,0
STM,0
STN,0
STO,0
STW,0
STX,0
SUBD,0
SUD,0
SUH,0
SUL,0
SUN,0
SUP,0
SVA,0
SVD,0
SVH,0
SVL,0
SVM,0
SVS,0
SVW,0
SVY,0
SW1,0
SWF,0
SWK,0
SWM,0
SWTZ,0
SXA,0
SXE,0
SXL,0
SXX,0
SXY,0
SYA,0
SYD,0
SYI,0
SYR,0
SYS,0
SYT,0
SZL,0
T3D,0
TAH,0
TAM,0
TAO,0
TAP,0
TAR,0
TAS,0
TBL,0
TBR,0
TCL,0
TCN,0
TCO,0
TD1,0
TDI,0
TDL,0
TDO,0
TDY,0
TECH,0
TEG,0
TEK,0
TER,0
TFL,0
TGA,0
TGF,0
TGG,0
TGH,0
TGM,0
TGN,0
TGO,0
TGP,0
TGR,0
THC,0
THD,0
THR,0
TIA,0
TIE,0
TIG,0
TIN,0
TIP,0
TKF,0
TKL,0
TKM,0
TLG,0
TLM,0
TLS,0
TLT,0
TLX,0
TMG,0
TMK,0
TML,0
TMR,0
TMT,0
TMX,0
TMZ,0
TNE,0
TNG,0
TNK,0
TNP,0
TNR,0
TNT,0
TNY,0
TOE,0
TOM,0
TON,0
TOP,0
TOT,0
TOU,0
TPC,0
TPD,0
TPM,0
TPO,0
TPP,0
TPS,0
TPW,0
TRA,0
TRL,0
TRM,0
TRS,0
TRT,0
TRY,0
TSC,0
TSL,0
TSO,0
TTA,0
TTB,0
TTI,0
TTL,0
TTM,0
TTT,0
TV2,0
TWD,0
TWE,0
TWR,0
TYM,0
TYR,0
TYX,0
TZL,0
TZN,0
UBA,0
UBE,0
UBI,0
UBJ,0
UBN,0
UBP,0
UBU,0
UBW,0
UCM,0
UCW,0
UMAX,0
UMG,0
UNL,0
UNV,0
UOS,0
URF,0
URW,0
USD,0
UTR,0
UUL,0
UUV,0
UWL,0
VACF,0
VAE,0
VAF,0
VAH,0
VAL,0
VAN,0
VAP,0
VAR,0
VAS,0
VBLD,0
VBND,0
VBS,0
VCF,0
VCX,0
VDBA,0
VDCO,0
VDGR,0
VDHG,0
VEA,0
VEC,0
VEE,0
VEFI,0
VEN,0
VEQ,0
VESG,0
VEU,0
VG1,0
VG8,0
VGAD,0
VGB,0
VGE,0
VGI,0
VGL,0
VGMF,0
VGS,0
VHT,0
VHY,0
VIA,0
VIC,0
VIF,0
VIG,0
VII,0
VIP,0
VISM,0
VIV,0
VKA,0
VLC,0
VLS,0
VLT,0
VMC,0
VMG,0
VMIN,0
VML,0
VMS,0
VMT,0
VMX,0
VMY,0
VN8,0
VOC,0
VOL,0
VOR,0
VP7,0
VPC,0
VPR,0
VR1,0
VR8,0
VRC,0
VRL,0
VRS,0
VRT,0
VRX,0
VSO,0
VTG,0
VTH,0
VTI,0
VTS,0
VUK,0
VUL,0
VVA,0
VVLU,0
VVR,0
VXR,0
VYS,0
WAA,0
WAF,0
WAM,0
WAT,0
WAX,0
WBC,0
WBE,0
WBT,0
WCMQ,0
WCN,0
WDIV,0
WDMF,0
WEB,0
WEC,0
WEL,0
WEMG,0
WES,0
WFE,0
WGB,0
WGN,0
WGO,0
WGX,0
WHA,0
WHC,0
WHF,0
WHFPA,0
WHK,0
WIC,0
WJA,0
WKT,0
WLC,0
WLD,0
WLE,0
WLF,0
WMI,0
WML,0
WNB,0
WND,0
WNR,0
WNS,0
WOA,0
WOR,0
WOW,0
WPL,0
WPP,0
WQG,0
WRLD,0
WRM,0
WSA,0
WSI,0
WSP,0
WTC,0
WTL,0
WVOL,0
WWG,0
WWI,0
WXHG,0
WXOZ,0
WZR,0
XAM,0
XARO,0
XCD,0
XF1,0
XPD,0
XPE,0
XPL,0
XRF,0
XRO,0
XST,0
XTC,0
XTD,0
XTE,0
YAL,0
YANK,0
YBR,0
YMAX,0
YOJ,0
YOW,0
YPB,0
YRL,0
Z1P,0
Z3RO,0
ZEL,0
ZEN,0
ZER,0
ZEU,0
ZGL,0
ZIM,0
ZIP,0
ZLD,0
ZMI,0
ZMICA,0
ZNC,0
ZNO,0
ZUSD,0
ZYAU,0
ZYB,0
ZYUS,0
